<?xml version="1.0"?>
<doc>
    <assembly>
        <name>AsynchronousMethod</name>
    </assembly>
    <members>
        <member name="T:SemestralProject.AsynchronousMethod.AsynchronousMethodAttribute">
            <summary>
            Class which defines new attribute for defining asynchronous methods.
            </summary>
        </member>
        <member name="T:SemestralProject.AsynchronousMethod.AsynchronousMethodGenerator">
            <summary>
            Class which generates source code for asynchronous methods.
            </summary>
        </member>
        <member name="M:SemestralProject.AsynchronousMethod.AsynchronousMethodGenerator.Execute(Microsoft.CodeAnalysis.GeneratorExecutionContext)">
            <inheritdoc/>
        </member>
        <member name="M:SemestralProject.AsynchronousMethod.AsynchronousMethodGenerator.Initialize(Microsoft.CodeAnalysis.GeneratorInitializationContext)">
            <inheritdoc/>
        </member>
    </members>
</doc>
